Sr No,MODULE_NAME,SUB_MODULE_NAME,API_path,HTTP_Method,API_name,Contoller_Name,Claim_name,ACTION,Role_name
1,INSTITUTE_MODULE,INSTITUTE,/api/v1/institute/{instituteId}/status/{status},PUT,Change institute status,InstituteController.changeStatus,CREATE_INSTITUTE,,
2,INSTITUTE_MODULE,INSTITUTE,/api/v1/instituteType,POST,Save institute Type,InstituteController.saveInstituteType,CREATE_INSTITUTE,,
3,INSTITUTE_MODULE,INSTITUTE,/api/v1/type,GET,Get institute type by country,InstituteController.getInstituteTypeByCountry,,,
4,INSTITUTE_MODULE,INSTITUTE,/api/v1/instituteName/{name},GET,Get institute by name,InstituteController.getInstituteName,,,
5,INSTITUTE_MODULE,INSTITUTE,/api/v1/institute/type,GET,Get institute type,InstituteController.getInstituteType,,,
6,INSTITUTE_MODULE,INSTITUTE,/api/v1/search,POST,Institute Search,InstituteController.instituteSearch,,,
7,INSTITUTE_MODULE,INSTITUTE,/api/v1/search/pageNumber/{pageNumber}/pageSize/{pageSize},GET,Paginated Institute Search,InstituteController.instituteSearch,,,
8,INSTITUTE_MODULE,INSTITUTE,/api/v1/recommended,POST,Get recommended institute,InstituteController.getAllRecommendedInstitutes,,,
9,INSTITUTE_MODULE,INSTITUTE,/api/v1/city/{cityName},GET,Get institute by city name,InstituteController.getInstituteByCityName,,,
10,INSTITUTE_MODULE,INSTITUTE,api/v1,POST,Save institute ,InstituteController.save ,CREATE_INSTITUTE,,
11,INSTITUTE_MODULE,INSTITUTE,/api/v1/{instituteId},PUT,Update institute,InstituteController.update,CREATE_INSTITUTE,,
12,INSTITUTE_MODULE,INSTITUTE,/api/v1/pageNumber/{pageNumber}/pageSize/{pageSize},GET,Paginated get all institite,InstituteController.getAllInstitute,,,
13,INSTITUTE_MODULE,INSTITUTE,/api/v1/autoSearch/{searchKey}/pageNumber/{pageNumber}/pageSize/{pageSize},GET,Auto search institute,InstituteController.getAllInstitute,,,
14,INSTITUTE_MODULE,INSTITUTE,/api/v1/{instituteId},GET,Get institute by Id,InstituteController.get,,,
15,INSTITUTE_MODULE,INSTITUTE,/api/v1/search/{searchText},GET,Search institute,InstituteController.searchInstitute,,,
16,INSTITUTE_MODULE,INSTITUTE,/api/v1/filter,POST,Institute filter,InstituteController.instituteFilter,,,
17,INSTITUTE_MODULE,INSTITUTE,/api/v1/allCategoryType,GET,Get institute category,InstituteController.getAllCategoryType,,,
18,INSTITUTE_MODULE,INSTITUTE,/api/v1/instituteType,GET,Get institute type,InstituteController.getAllInstituteType,,,
19,INSTITUTE_MODULE,INSTITUTE,/api/v1/{instituteId},DELETE,Delete institute,InstituteController.delete,DELETE_INSTITUTE,,
20,INSTITUTE_MODULE,INSTITUTE,/api/v1/images/{instituteId},GET,Get institute gallery,InstituteController.getInstituteImage,,,
21,INSTITUTE_MODULE,INSTITUTE,/api/v1/totalCourseCount,GET,Get course count,InstituteController.getTotalCourseForInstitute,,,
22,INSTITUTE_MODULE,INSTITUTE,/api/v1/history/domestic/ranking,GET,Get domestic history ranking,InstituteController.getHistoryOfDomesticRanking,,,
23,INSTITUTE_MODULE,INSTITUTE,/api/v1/domesticRankingForCourse,POST,Get domestic ranking for course,InstituteController.getDomesticRanking,,,
24,INSTITUTE_MODULE,INSTITUTE,/api/v1/nearest,POST,Get nearest institute,InstituteController.getNearestInstituteList,,,
25,INSTITUTE_MODULE,INSTITUTE,/api/v1/names/distinct/pageNumber/{pageNumber}/pageSize/{pageSize},GET,Get distinct institute,InstituteController.getDistinctInstitutes,,,
26,INSTITUTE_MODULE,INSTITUTE,/api/v1/bounded/area/pageNumber/{pageNumber}/pageSize/{pageSize},POST,Get bounded institute,InstituteController.getBoundedInstituteList,,,
27,INSTITUTE_MODULE,INSTITUTE,/api/v1/institute/pageNumber/{pageNumber}/pageSize/{pageSize}/{countryName},GET,Get institute by country name,InstituteController.getInstituteByCountryName,,,
28,INSTITUTE_MODULE,INSTITUTE,/api/v1/faculty/instituteId/{instituteId},GET,Get institute faculty,InstituteController.getInstituteFaculties,,,
29,INSTITUTE_MODULE,INSTITUTE,/api/v1/institute/multiple/id,GET,Get institute by multiple ids,InstituteController.getInstitutesByIdList,,,
30,INSTITUTE_MODULE,INSTITUTE,/api/v1/institute/{readableId}/exists,GET,Check institute exists,InstituteController.instituteExistsByReadableId,,,
31,INSTITUTE_MODULE,INSTITUTE,/api/v1/institute/{instituteId}/verify,GET,Verify institute status,InstituteController.getInstituteVerificationStatus,,,
32,INSTITUTE_MODULE,INSTITUTE,/api/v1/institute/verification-status,GET,Verify institute list status,InstituteController.getMultipleInstituteVerificationStatus,,,
33,INSTITUTE_MODULE,INSTITUTE,/api/v1/admin/institute/verify_institutes/{verified},PUT,Verify institute,InstituteController.VerifyInstitute,,,
34,INSTITUTE_MODULE,INSTITUTE,/api/v1/institute/facilities/{instituteId},POST,Add institute facilities,InstituteFacilitiesController.InstituteFacilitiesInterface,INSTITUTE_FACILITY_ADD,,FACILITY_ADMIN
35,INSTITUTE_MODULE,INSTITUTE,/api/v1/institute/facilities/{instituteId},DELETE,Delete institute facilities,InstituteFacilitiesController.deleteInstituteFacilitiesById,INSTITUTE_FACILITY_DELETE,,
36,INSTITUTE_MODULE,INSTITUTE,/api/v1/institute/facilities/{instituteId},GET,Get institute facilities,InstituteFacilitiesController.getInstituteFacilities,INSTITUTE_FACILITY_GET,,
37,INSTITUTE_MODULE,INSTITUTE,/api/v1/institute/public/facilities/{instituteId},GET,Get public institute facilities,InstituteFacilitiesController.getInstitutePublicFacilities,INSTITUTE_FACILITY_PUBLIC_GET,,
38,INSTITUTE_MODULE,INSTITUTE,/api/v1/englishRequirements/{instituteId},POST,Add institute englist requirements,InstituteEnglishRequirements.addInstituteEnglishRequirements,,,
39,INSTITUTE_MODULE,INSTITUTE,/api/v1/englishRequirements/{instituteId},PUT,Update institute englist requirements,InstituteEnglishRequirements.updateInstituteEnglishRequirements,,,
40,INSTITUTE_MODULE,INSTITUTE,/api/v1/englishRequirements/{instituteId},GET,Get institute englist requirements,InstituteEnglishRequirements.getInstituteEnglishRequirementsByInstituteId,,,
41,INSTITUTE_MODULE,INSTITUTE,/api/v1/public/englishRequirements/{instituteId},GET,Get public institute englist requirements,InstituteEnglishRequirements.getInstitutePublicEnglishRequirementsByInstituteId,,,
42,INSTITUTE_MODULE,INSTITUTE,/api/v1/englishRequirements/{instituteId},DELETE,Delete institute englist requirements,InstituteEnglishRequirements.deleteInstituteEnglishRequirementsByRequirementsId,,,
43,INSTITUTE_MODULE,INSTITUTE,/api/v1/contact/info/{instituteId},POST,Add institute contact,InstituteContactInfoController.addUpdateInstituteContactInfo,,,
44,INSTITUTE_MODULE,INSTITUTE,/api/v1/contact/info/{instituteId},GET,Get institute contact,InstituteContactInfoController.getInstituteContactInfo,,,
45,INSTITUTE_MODULE,INSTITUTE,/api/v1/public/contact/info/{instituteId},GET,Get institute public contact,InstituteContactInfoController.getInstitutePublicContactInfo,,,
46,INSTITUTE_MODULE,INSTITUTE,/api/v1/campus/instituteId/{instituteId},POST,Add institute campus,InstituteCampusController.addCampus,,,
47,INSTITUTE_MODULE,INSTITUTE,/api/v1/campus/instituteId/{instituteId},GET,Get institute campus,InstituteCampusController.getInstituteCampuses,,,
48,INSTITUTE_MODULE,INSTITUTE,/api/v1/campus/instituteId/{instituteId},DELETE,Delete institute campus,InstituteCampusController.removeCampus,,,
49,INSTITUTE_MODULE,INSTITUTE,/api/v1/basic/info/{instituteId},POST,Add / Update institute basic info,InstituteBasicInfoController.addUpdateInstituteBasicInfo,,,
50,INSTITUTE_MODULE,INSTITUTE,/api/v1/basic/info/{instituteId},GET,Get institute basic info,InstituteBasicInfoController.getInstituteBasicInfo,,,
51,INSTITUTE_MODULE,INSTITUTE,/api/v1/public/basic/info/{instituteId},GET,Get institute public basic info,InstituteBasicInfoController.getInstitutePublicBasicInfo,,,
52,INSTITUTE_MODULE,INSTITUTE,/api/v1/institute/association,POST,Add institute association,InstituteAssociationController.addInstituteAssociation,,,
53,INSTITUTE_MODULE,INSTITUTE,/api/v1/institute/association/{instituteId},GET,Get institute association by type and status,InstituteAssociationController.getInstituteAssociationByAssociationTypeAndStatus,,,
54,INSTITUTE_MODULE,INSTITUTE,/api/v1/public/institute/association/{instituteId},GET,Get institute public association by type,InstituteAssociationController.getPublicInstituteAssociationByAssociationType,,,
55,INSTITUTE_MODULE,INSTITUTE,/api/v1/institute/association/{instituteId},PUT,Update institute association,InstituteAssociationController.updateInstituteAssociation,,,
56,INSTITUTE_MODULE,INSTITUTE,/api/v1/additional/info/{instituteId},POST,Add institute additional info,InstituteAdditionalInfoController.addInstituteAdditionalInfo,,,
57,INSTITUTE_MODULE,INSTITUTE,/api/v1/additional/info/{instituteId},GET,Get institute additional info,InstituteAdditionalInfoController.getInstituteAdditionalInfo,,,
58,INSTITUTE_MODULE,INSTITUTE,/api/v1/additional/info/{instituteId},DELETE,Delete institute additional info,InstituteAdditionalInfoController.InstituteAdditionalInfoController,,,
59,INSTITUTE_MODULE,INSTITUTE,/api/v1/institute/{instituteId}/aboutme,POST,Add institute about me info,InstituteAboutMeController.addAboutMe,,,
60,INSTITUTE_MODULE,INSTITUTE,/api/v1/institute/{instituteId}/aboutme/{id},PUT,Update institute about me info,InstituteAboutMeController.updateAboutMe,,,
61,INSTITUTE_MODULE,INSTITUTE,/api/v1/institute/{instituteId}/aboutme/{id},DELETE,Delete institute about me info,InstituteAboutMeController.deleteAboutMe,,,
62,INSTITUTE_MODULE,INSTITUTE,/api/v1/institute/{instituteId}/aboutme/{id},GET,Get institute about me info by id,InstituteAboutMeController.getAboutMeById,,,
63,INSTITUTE_MODULE,INSTITUTE,/api/v1/institute/{instituteId}/aboutme/pageNumber/{pageNumber}/pageSize/{pageSize},GET,Get institute paginated about me,InstituteAboutMeController.getPaginatedAboutMe,,,
64,INSTITUTE_MODULE,INSTITUTE,/api/v1/course/{courseId}/information-session,POST,Add course information session,InstituteAboutMeController.saveUpdateInformationSession,,,
65,INSTITUTE_MODULE,INSTITUTE,/api/v1/course/{courseId}/information-session,GET,Get course information session,InstituteAboutMeController.getInformationSession,,,
66,INSTITUTE_MODULE,INSTITUTE,/api/v1/course/{courseId}/information-session,DELETE,Delete course information session,InstituteAboutMeController.deleteInformationSession,,,
67,INSTITUTE_MODULE,INSTITUTE,/api/v1/grade/calculate,POST,Calculate grade,GradeController.calculate,,,
68,INSTITUTE_MODULE,INSTITUTE,/api/v1/course/{courseId}/fundingType,POST,Add funding type,FundingTypeController.addUpdateFundingType,,,
69,INSTITUTE_MODULE,INSTITUTE,/api/v1/course/{courseId}/fundingType,GET,Get funding type,FundingTypeController.getFundingType,,,
70,INSTITUTE_MODULE,INSTITUTE,/api/v1/course/{courseId}/fundingType,DELETE,Delete funding type,FundingTypeController.deleteCourseFunding,,,
71,INSTITUTE_MODULE,INSTITUTE,/api/v1/faculty,POST,Add faculty,FacultyController.saveFaculty,,,
72,INSTITUTE_MODULE,INSTITUTE,/api/v1/faculty,GET,Get faculty,FacultyController.getAll,,,
73,INSTITUTE_MODULE,INSTITUTE,/api/v1/faculty/{facultyId},GET,Get faculty by id,FacultyController.getFacultyById,,,
74,INSTITUTE_MODULE,INSTITUTE,/api/v1/faculty/name/{facultyName},GET,Get faculty by faculty name,FacultyController.getFacultyByFacultyName,,,
75,INSTITUTE_MODULE,INSTITUTE,elastic/export/institute,POST,Export institute to elastic,ElasticExporController.exportInstitutes,,,
76,INSTITUTE_MODULE,INSTITUTE,elastic/export/course,POST,Export course to elastic,ElasticExporController.exportCourses,,,
77,INSTITUTE_MODULE,INSTITUTE,elastic/export/faculty,POST,Export faculty to elastic,ElasticExporController.exportFaculties,,,
78,INSTITUTE_MODULE,INSTITUTE,/api/v1/elastic/export/level,POST,Export level to elastic,ElasticExporController.exportLevel,,,
79,INSTITUTE_MODULE,INSTITUTE,/api/v1/educationSystem/{countryName},GET,Get education system by country name,EducationSystemController.getEducationSystems,,,
80,INSTITUTE_MODULE,INSTITUTE,/api/v1/educationSystem,POST,Add education system,EducationSystemController.saveEducationSystems,,,
81,INSTITUTE_MODULE,INSTITUTE,/api/v1/educationSystem/grades/{countryName}/{systemId},GET,Get education system by id and country name,EducationSystemController.getGrades,,,
82,INSTITUTE_MODULE,INSTITUTE,/api/v1/educationSystem/system/{systemId},GET,Get education system by id,EducationSystemController.getEducationSystemById,,,
83,INSTITUTE_MODULE,INSTITUTE,/api/v1/educationSystem/{countryName}/{stateName},GET,Get education system by country name and state name,EducationSystemController.getEducationSystemByCountryNameAndStateName,,,
84,INSTITUTE_MODULE,INSTITUTE,/api/v1/educationSystem/result-type,GET,Get education system result type,EducationSystemController.getResultTypes,,,
85,INSTITUTE_MODULE,INSTITUTE,/api/v1/course/{courseId}/structure,POST,Add course structure,CourseStructureController.saveUpdateCourseStructure,,,
86,INSTITUTE_MODULE,INSTITUTE,/api/v1/course/{courseId}/structure,GET,Get course structure,CourseStructureController.getCourseStructure,,,
87,INSTITUTE_MODULE,INSTITUTE,/api/v1/course/{courseId}/structure,DELETE,Delete course structure,CourseStructureController.deleteCourseStructure,,,
88,INSTITUTE_MODULE,INSTITUTE,/api/v1/course/{courseId}/pre-requisite,POST,Add course pre requisite,CoursePreRequisiteController.saveUpdatePreRequisites,,,
89,INSTITUTE_MODULE,INSTITUTE,/api/v1/course/{courseId}/pre-requisite,GET,Get course pre requisite,CoursePreRequisiteController.getAllPreRequisites,,,
90,INSTITUTE_MODULE,INSTITUTE,/api/v1/course/{courseId}/pre-requisite,DELETE,Delete course pre requisite,CoursePreRequisiteController.deleteByPreRequisiteIds,,,
91,INSTITUTE_MODULE,INSTITUTE,/api/v1/course/{courseId}/payment,POST,Add course payment,CoursePaymentController.saveCoursePayment,,,
92,INSTITUTE_MODULE,INSTITUTE,/api/v1/course/{courseId}/payment,DELETE,Delete course payment,CoursePaymentController.deleteCoursePayment,,,
93,INSTITUTE_MODULE,INSTITUTE,/api/v1/course/{courseId}/other-requirement,POST,Add  / Update course other requirement,CourseOtherRequirementController.saveOrUpdate,,,
94,INSTITUTE_MODULE,INSTITUTE,/api/v1/course/{courseId}/other-requirement,GET,Get course other requirement,CourseOtherRequirementController.getCourseOtherRequirements,,,
95,INSTITUTE_MODULE,INSTITUTE,/api/v1/course/{courseId}/min-requirement,POST,Add / Update course min requirements,CourseMinRequirementController.saveUpdateCourseMinRequirements,,,
96,INSTITUTE_MODULE,INSTITUTE,/api/v1/course/{courseId}/min-requirement,GET,Get course min requirements,CourseMinRequirementController.getAllCourseMinimumRequirements,,,
97,INSTITUTE_MODULE,INSTITUTE,/api/v1/course/{courseId}/min-requirement,DELETE,Delete course min requirements,CourseMinRequirementController.deleteCourseMinRequirements,,,
98,INSTITUTE_MODULE,INSTITUTE,/api/v1/course/{courseId}/intake,POST,Add course intake,CourseIntakeController.saveAll,,,
99,INSTITUTE_MODULE,INSTITUTE,/api/v1/course/{courseId}/intake,GET,Get course intake,CourseIntakeController.getCourseIntake,,,
100,INSTITUTE_MODULE,INSTITUTE,/api/v1/course/{courseId}/intake,DELETE,Delete course intake,CourseIntakeController.deleteCourseIntake,,,
101,INSTITUTE_MODULE,INSTITUTE,/api/v1/course/{courseId}/institute,POST,,CourseInstituteController.createLinks,,,
102,INSTITUTE_MODULE,INSTITUTE,/api/v1/course/{courseId}/institute,GET,,CourseInstituteController.getLinkedInstitutes,,,
103,INSTITUTE_MODULE,INSTITUTE,/api/v1/course/{courseId}/institute,DELETE,,CourseInstituteController.unLinkInstitutes,,,
104,INSTITUTE_MODULE,INSTITUTE,/api/v1/course/funding/instituteId/{instituteId}/add-funding-to-all-courses,POST,,CourseFundingController.addFundingToAllInstituteCourses,,,
105,INSTITUTE_MODULE,INSTITUTE,/api/v1/course/{courseId}/funding ,POST,,CourseFundingController.saveAll,,,
106,INSTITUTE_MODULE,INSTITUTE,/api/v1/course/{courseId}/funding,DELETE,,CourseFundingController.deleteByFundingNameIds,,,
107,INSTITUTE_MODULE,INSTITUTE,/api/v1/course/{courseId}/english-eligibility,POST,,CourseEnglishEligibilityController.saveUpdateCourseEnglishEligibility,,,
108,INSTITUTE_MODULE,INSTITUTE,/api/v1/course/{courseId}/english-eligibility,GET,,CourseEnglishEligibilityController.getAllCourseEnglishEligibility,,,
109,INSTITUTE_MODULE,INSTITUTE,/api/v1//course/{courseId}/english-eligibility,DELETE,,CourseEnglishEligibilityController.deleteByCourseId,,,
110,INSTITUTE_MODULE,INSTITUTE,/api/v1/course/{courseId}/delivery-mode,POST,,CourseDeliveryModeController.saveUpdateCourseDeliveryMode,,,
111,INSTITUTE_MODULE,INSTITUTE,/api/v1/course/{courseId}/delivery-mode,GET,,CourseDeliveryModeController.getAllCourseDeliveryMode,,,
112,INSTITUTE_MODULE,INSTITUTE,/api/v1/course/{courseId}/delivery-mode,DELETE,,CourseDeliveryModeController.deleteByCourseDeliveryModeIds,,,
113,INSTITUTE_MODULE,INSTITUTE,/api/v1/course/{courseId}/contact-person,POST,,CourseContactPersonController.saveAll,,,
114,INSTITUTE_MODULE,INSTITUTE,/api/v1/course/{courseId}/contact-person,DELETE,,CourseContactPersonController.deleteByCourseAndUserIds,,,
115,INSTITUTE_MODULE,INSTITUTE,/api/v1/course/{courseId}/career-outcome,POST,, CourseCareerOutcomeController.saveUpdateCourseCareerOutcomes,,,
116,INSTITUTE_MODULE,INSTITUTE,/api/v1/course/{courseId}/career-outcome,GET,,CourseCareerOutcomeController.getCourseCareerOutcomesById,,,
117,INSTITUTE_MODULE,INSTITUTE,/api/v1/course/{courseId}/career-outcome,DELETE,,CourseCareerOutcomeController.deleteByCourseCareerOutcomeIds,,,
118,INSTITUTE_MODULE,INSTITUTE,/api/v1/course/{courseId}/aboutme,POST,,CourseAboutMeController.addAboutMe,,,
119,INSTITUTE_MODULE,INSTITUTE,/api/v1/course/{courseId}/aboutme/{id},PUT,,CourseAboutMeController.updateAboutMe,,,
120,INSTITUTE_MODULE,INSTITUTE,/api/v1/course/{courseId}/aboutme/{id},DELETE,,CourseAboutMeController.deleteAboutMe,,,
121,INSTITUTE_MODULE,INSTITUTE,/api/v1/course/{courseId}/aboutme/{id},GET,,CourseAboutMeController.getPaginatedAboutMe,,,
122,INSTITUTE_MODULE,INSTITUTE,/api/v1/gallery/entityType/{entityType}/entityId/{entityId},GET,,CommonEndController.getEntityGallery,,,
123,INSTITUTE_MODULE,INSTITUTE,/api/v1/upload/career,POST,,CareerUploadController.uploadCareer,,,
124,INSTITUTE_MODULE,INSTITUTE,/api/v1/career-test-result/{entityType}/,POST,,CareerTestResultController.saveOrUpdateResult,,,
125,INSTITUTE_MODULE,INSTITUTE,/api/v1//career-test-result/is-completed,GET,,CareerTestResultController.isTestCompleted,,,
126,INSTITUTE_MODULE,INSTITUTE,/api/v1/career/job/skill/pageNumber/{pageNumber}/pageSize/{pageSize},GET,,CareerTestController.getCareerJobSkills,,,
127,INSTITUTE_MODULE,INSTITUTE,/api/v1/career/job/working/style/pageNumber/{pageNumber}/pageSize/{pageSize},GET,,CareerTestController.getCareerJobWorkingStyles,,,
128,INSTITUTE_MODULE,INSTITUTE,/api/v1/career/job/subject/pageNumber/{pageNumber}/pageSize/{pageSize},GET,,CareerTestController.getCareerJobSubjects,,,
129,INSTITUTE_MODULE,INSTITUTE,/api/v1/career/job/type/pageNumber/{pageNumber}/pageSize/{pageSize},GET,,CareerTestController.getCareerJobTypes,,,
130,INSTITUTE_MODULE,INSTITUTE,/api/v1/career/job/pageNumber/{pageNumber}/pageSize/{pageSize},,,CareerTestController.getCareerJobs,,,
131,INSTITUTE_MODULE,INSTITUTE,/api/v1/career/job/autosuggest/pageNumber/{pageNumber}/pageSize/{pageSize},GET,,CareerTestController.getCareerJobsByName,,,
134,INSTITUTE_MODULE,INSTITUTE,/api/v1/career/job/related/career/pageNumber/{pageNumber}/pageSize/{pageSize},GET,,CareerTestController.getRelatedCareers,,,
135,INSTITUTE_MODULE,INSTITUTE,/api/v1/career/job/{jobId},GET,,CareerTestController.getCareerJobById,,,
136,INSTITUTE_MODULE,INSTITUTE,/api/v1/career/job/related/course/pageNumber/{pageNumber}/pageSize/{pageSize},GET,,CareerTestController.getRelatedCourseBasedOnCareerTest,,,
137,INSTITUTE_MODULE,INSTITUTE,/api/v1/career/pageNumber/{pageNumber}/pageSize/{pageSize},GET,,CareerController.findByName,,,
138,INSTITUTE_MODULE,INSTITUTE,/api/v1/accrediation,POST,,AccrediatedDetailController.addAccrediationDetail,,,
139,INSTITUTE_MODULE,INSTITUTE,/api/v1/accrediation/entityId/{id}/entityType/{entityType},GET,,AccrediatedDetailController.getAccrediationDetailByEntityIdAndEntityType,,,
140,INSTITUTE_MODULE,INSTITUTE,/api/v1/accrediation/entityId/{id}/entityType/{entityType},DELETE,,AccrediatedDetailController.deleteAccrediationDetailByEntityIdAndEntityType,,,
141,INSTITUTE_MODULE,INSTITUTE,/api/v1/institute/{instituteId}/course,POST,,CourseController.save,,,
142,INSTITUTE_MODULE,INSTITUTE,/api/v1/institute/{instituteId}/course/{id},PUT,,CourseController.update,,,
143,INSTITUTE_MODULE,INSTITUTE,/api/v1/course/pageNumber/{pageNumber}/pageSize/{pageSize},GET,,CourseController.getAllCourse,,,
144,INSTITUTE_MODULE,INSTITUTE,/api/v1/course/autoSearch/{searchKey}/pageNumber/{pageNumber}/pageSize/{pageSize},GET,,CourseController.autoSearch,,,
145,INSTITUTE_MODULE,INSTITUTE,/api/v1/course/{id}/{linked_course_ids},DELETE,,CourseController.delete,,,
146,INSTITUTE_MODULE,INSTITUTE,/api/v1/course/search/pageNumber/{pageNumber}/pageSize/{pageSize},GET,,CourseController.searchCourse,,,
147,INSTITUTE_MODULE,INSTITUTE,/api/v1/course/search ,POST,,CourseController.searchCourse,,,
148,INSTITUTE_MODULE,INSTITUTE,/api/v1/course/advanceSearch,POST,,CourseController.advanceSearch,,,
149,INSTITUTE_MODULE,INSTITUTE,/api/v1/course/{id}/,GET,,CourseController.get ,,,
150,INSTITUTE_MODULE,INSTITUTE,/api/v1/course/institute/{instituteId},PUT,,CourseController.getAllCourseByInstituteID,,,
151,INSTITUTE_MODULE,INSTITUTE,/api/v1/course/keyword/{keyword},GET,,CourseController.searchCourseKeyword,,,
152,INSTITUTE_MODULE,INSTITUTE,/api/v1/course/faculty/{facultyId},GET,,CourseController.getCoursesByFacultyId,,,
153,INSTITUTE_MODULE,INSTITUTE,/api/v1/course/user/{courseIds}/{sortBy}/{sortAsscending},GET,,CourseController.getUserCourses,,,
154,INSTITUTE_MODULE,INSTITUTE,/api/v1/course/filter,POST,,CourseController.courseFilter,,,
155,INSTITUTE_MODULE,INSTITUTE,/api/v1/course/autoSearch/{searchKey}/pageNumber/{pageNumber}/pageSize/{pageSize},GET,,CourseController.autoSearchByCharacter,,,
156,INSTITUTE_MODULE,INSTITUTE,/api/v1/course/noResult/pageNumber/{pageNumber}/pageSize/{pageSize},GET,,CourseController.getCourseNoResultRecommendation,,,
157,INSTITUTE_MODULE,INSTITUTE,/api/v1/course/keyword/recommendatation/pageNumber/{pageNumber}/pageSize/{pageSize},GET,,CourseController.getCourseKeywordRecommendation,,,
158,INSTITUTE_MODULE,INSTITUTE,/api/v1/course/cheapest/pageNumber/{pageNumber}/pageSize/{pageSize},GET,,CourseController.getCheapestCourse,,,
159,INSTITUTE_MODULE,INSTITUTE,/api/v1/course/getCourseCountByLevel,GET,,CourseController.getCourseCountByLevel,,,
160,INSTITUTE_MODULE,INSTITUTE,/api/v1/course/getCourseCountByLevel,GET,,CourseController.getCourseCountByLevel,,,
161,INSTITUTE_MODULE,INSTITUTE,/api/v1/course/names/distinct/pageNumber/{pageNumber}/pageSize/{pageSize},GET,,CourseController.getDistinctCourses,,,
162,INSTITUTE_MODULE,INSTITUTE,/api/v1/course/mobile/{instituteId},POST,,CourseController.addCourseViaMobile,,,
163,INSTITUTE_MODULE,INSTITUTE,/api/v1/course/mobile/{courseId},PUT,,CourseController.updateCourseViaMobile,,,
164,INSTITUTE_MODULE,INSTITUTE,/api/v1/course/mobile/{instituteId},GET,,CourseController.getCourseViaMobile,,,
165,INSTITUTE_MODULE,INSTITUTE,/api/v1/course/public/mobile/{instituteId},GET,,CourseController.getCourseViaMobile,,,
166,INSTITUTE_MODULE,INSTITUTE,/api/v1/course/status/{courseId},PUT,,CourseController.changeStatus,,,
167,INSTITUTE_MODULE,INSTITUTE,/api/v1/course/institute/pageNumber/{pageNumber}/pageSize/{pageSize}/{instituteId},GET,,CourseController.getCourseByInstituteId,,,
168,INSTITUTE_MODULE,INSTITUTE,/api/v1/course/nearest,POST,,CourseController.getNearestCourseList,,,
169,INSTITUTE_MODULE,INSTITUTE,/api/v1/course/courseIds,POST,,CourseController.getCourseByIds,,,
170,INSTITUTE_MODULE,INSTITUTE,/api/v1/course/recommendation/{courseId},GET,,CourseController.getRecommendateCourses,,,
171,INSTITUTE_MODULE,INSTITUTE,/api/v1/course/related/{courseId},GET,,CourseController.getRelatedCourses,,,
172,INSTITUTE_MODULE,INSTITUTE,/api/v1/course/count/{instituteId},GET,,CourseController.getCourseCountByInstituteId,,,
173,INSTITUTE_MODULE,INSTITUTE,/api/v1/institute/{instituteId}/course/basic/info,POST,,CourseController.saveBasicCourse,,,
174,INSTITUTE_MODULE,INSTITUTE,/api/v1/institute/{instituteId}/course/basic/info/{id},PUT,,CourseController.updateBasicCourse,,,
175,INSTITUTE_MODULE,INSTITUTE,/api/v1/course/procedure_id,PUT,,CourseController.updateProcedureIdInCourse,,,
176,INSTITUTE_MODULE,INSTITUTE,/api/v1/course/procedure_id/institute_id/{instituteIds}/{studentType}/{procedureId},PUT,,CourseController.updateProcedureIdInCourseByInstituteId,,,
177,INSTITUTE_MODULE,INSTITUTE,/api/v1/course/draft/publish/{courseId},POST,,CourseController.publishDraftCourse,,,
178,INSTITUTE_MODULE,INSTITUTE,/api/v1/course/draft/pageNumber/{pageNumber}/pageSize/{pageSize}/{name}/{instituteId},GET,,CourseController.getDraftCourses,,,
179,INSTITUTE_MODULE,INSTITUTE,/api/v1/course/draft/{courseId},DELETE,,CourseController.discardDraftCourse,,,
180,INSTITUTE_MODULE,INSTITUTE,/api/v1/request/join,POST,,InstituteJoinRequestInterface.requestJoinInstitute,,,
181,INSTITUTE_MODULE,INSTITUTE,/api/v1/request/join,GET,,InstituteJoinRequestInterface.getRequestsOfInstituteJoinRequest,,,
182,INSTITUTE_MODULE,INSTITUTE,/api/v1/request/join/update-status/{instituteJoinRequestId},PUT,,InstituteJoinRequestInterface.updateInstituetJoinRequestStatus,,,
183,INSTITUTE_MODULE,INSTITUTE,/api/v1/request/page/{instituteId},POST,,InstitutePageRequestInterface.requestInstitutePageAccess,,,
184,INSTITUTE_MODULE,INSTITUTE,/api/v1/request/page/{instituteId},GET,,InstitutePageRequestInterface.getRequestsOfInstitutePageAccess,,,
185,INSTITUTE_MODULE,INSTITUTE,/api/v1/request/page/update-status/{institutePageRequestId},PUT,,InstitutePageRequestInterface.updateInstituetPageRequestStatus,,,
186,INSTITUTE_MODULE,INSTITUTE,/api/v1/recommend/institute,POST,,InstituteRecommedPageRequestController.recommendInstitutePage,,,
187,INSTITUTE_MODULE,INSTITUTE,/api/v1/recommend/institute,GET,,InstituteRecommedPageRequestController.getRecommendationOfInstitutePage,,,
188,INSTITUTE_MODULE,INSTITUTE,/api/v1/recommend/institute/update-status/{instituteRecommendationRequestId},PUT,,InstituteRecommedPageRequestController.updateInstitueRecommendationStatus,,,
189,INSTITUTE_MODULE,INSTITUTE,/api/v1/institute/service/instituteId/{instituteId},POST,,InstituteService.addInstituteService,,,
190,INSTITUTE_MODULE,INSTITUTE,/api/v1/institute/service/{instituteServiceId},DELETE,,InstituteService.deleteById,,,
191,INSTITUTE_MODULE,INSTITUTE,/api/v1/institute/service/instituteId/{instituteId},GET,,InstituteService.getInstituteServices,,,
192,INSTITUTE_MODULE,INSTITUTE,/api/v1/skill/pageNumber/{pageNumber}/pageSize/{pageSize,GET,,JobSkillInterface.getJobSkills,,,
193,INSTITUTE_MODULE,INSTITUTE,/api/v1/level/,POST,,LevelController.saveLevel,,,
194,INSTITUTE_MODULE,INSTITUTE,/api/v1/level/update/{levelId},PUT,,LevelController.updateLevel,,,
195,INSTITUTE_MODULE,INSTITUTE,/api/v1/level/,GET,,LevelController.getAll,,,
196,INSTITUTE_MODULE,INSTITUTE,/api/v1/level/{levelId},GET,,LevelController.getById,,,
197,INSTITUTE_MODULE,INSTITUTE,/api/v1/category/{category},GET,,LevelController.getByCategory,,,
198,INSTITUTE_MODULE,INSTITUTE,/api/v1/location/entityId/{entityId}/entityType/{entityType},POST,,LocationInterface.saveUpdateLocation,,,
199,INSTITUTE_MODULE,INSTITUTE,/api/v1/location/entityId/{entityId}/entityType/{entityType},GET,,LocationInterface.getLocationByEntityIdAndEntityType,,,
200,INSTITUTE_MODULE,INSTITUTE,/api/v1/institute/{instituteId}/pageNumber/{pageNumber}/pageSize/{pageSize},GET,,OffCampusCourseInterface.getOffCampusCoursesByInstituteId,,,
201,INSTITUTE_MODULE,INSTITUTE,/api/v1/course/{courseId}/partner,POST,,PartnerController.addUpdatePartner,,,
202,INSTITUTE_MODULE,INSTITUTE,/api/v1/course/{courseId}/partner/entityType/{entityType},GET,,PartnerController.getPartnerByEntityType,,,
203,INSTITUTE_MODULE,INSTITUTE,/api/v1/course/{courseId}/partner,DELETE,,PartnerController.deleteCoursePartner,,,
204,INSTITUTE_MODULE,INSTITUTE,/api/v1/course/{courseId}/per-training-review,POST,,PerTrainingReview.saveUpdatePerTrainingReview,,,
205,INSTITUTE_MODULE,INSTITUTE,/api/v1/course/{courseId}/per-training-review,,,PerTrainingReview.getPerTrainingReview,,,
206,INSTITUTE_MODULE,INSTITUTE,/api/v1/course/{courseId}/per-training-review,,,PerTrainingReview.deletePerTrainingReview,,,
207,INSTITUTE_MODULE,INSTITUTE,/api/v1/course/{courseId}/recognition-of-prior-learning,POST,,RecognitionOfPriorLearningInterface.saveUpdateRecognitionOfPriorLearning,,,
208,INSTITUTE_MODULE,INSTITUTE,/api/v1/course/{courseId}/recognition-of-prior-learning,GET,,RecognitionOfPriorLearningInterface.getRecognitionOfPriorLearning,,,
209,INSTITUTE_MODULE,INSTITUTE,/api/v1/course/{courseId}/recognition-of-prior-learning,DELETE,,RecognitionOfPriorLearningInterface.deleteRecognitionOfPriorLearning,,,
210,INSTITUTE_MODULE,INSTITUTE,/api/v1/service/pageNumber/{pageNumber}/pageSize/{pageSize},GET,,ServiceInterface.getAllServices,,,
211,INSTITUTE_MODULE,INSTITUTE,/api/v1/subject//pageNumber/{pageNumber}/pageSize/{pageSize},GET,,SubjectInterface.getAllSubjects,,,
212,INSTITUTE_MODULE,INSTITUTE,/api/v1/timing/entityId/{entityId}/entityType/{entityType},POST,,TimingInterface.saveOrUpdate,,,
213,INSTITUTE_MODULE,INSTITUTE,/api/v1/timing/entityId/{entityId}/entityType/{entityType},GET,,TimingInterface.getTimingByEntityIdAndEntityType,,,
214,INSTITUTE_MODULE,INSTITUTE,/api/v1/course/{courseId}/work-placement-internship,POST,,WorkPlacementInternshipInterface.saveUpdateWorkPlacementInternship,,,
215,INSTITUTE_MODULE,INSTITUTE,/api/v1/course/{courseId}/work-placement-internship,GET,,WorkPlacementInternshipInterface.getWorkPlacementInternship,,,
216,INSTITUTE_MODULE,INSTITUTE,/api/v1/course/{courseId}/work-placement-internship,DELETE,,WorkPlacementInternshipInterface.deleteWorkPlacementInternship,,,
217,INSTITUTE_MODULE,INSTITUTE,/api/v1/addProgramme/{instituteId},POST,,ProgrammeInterface.addProgramme,,,
218,INSTITUTE_MODULE,INSTITUTE,/api/v1/programme/{programId},PUT,,ProgrammeInterface.updateProgramme,,,
219,INSTITUTE_MODULE,INSTITUTE,/api/v1/program/{programId},PUT,,ProgrammeInterface.programs,,,
220,INSTITUTE_MODULE,INSTITUTE,/api/v1//programme/program_structure/{programId},GET,,ProgrammeInterface.programStructure,,,
221,INSTITUTE_MODULE,INSTITUTE,/api/v1/getProgrammeByType/{type},GET,,ProgrammeInterface.getProgrammeByType,,,
222,INSTITUTE_MODULE,INSTITUTE,/api/v1/program_structure/{programmeId},GET,,ProgrammeInterface.getProgramStructure,,,
223,INSTITUTE_MODULE,INSTITUTE,/api/v1/getProgrameById/{programmeId},GET,,ProgrammeInterface.getProgrammeById,,,
224,INSTITUTE_MODULE,INSTITUTE,/api/v1/location/{programmeId},PUT,,ProgrammeInterface.updateLocation,,,
225,INSTITUTE_MODULE,INSTITUTE,/api/v1/prerequisites/{programId},PUT,,ProgrammeInterface.updateCurriculum,,,
226,INSTITUTE_MODULE,INSTITUTE,/api/v1/prerequisites/{programmeId},GET,,ProgrammeInterface.getPrerequisites,,,
227,INSTITUTE_MODULE,INSTITUTE,/api/v1/curriculum/{programmeId},GET,,ProgrammeInterface.getCurriculum,,,
228,INSTITUTE_MODULE,INSTITUTE,/api/v1/savelocation/{programId},PUT,,ProgrammeInterface.saveLocation,,,
229,INSTITUTE_MODULE,INSTITUTE,/api/v1/locationBy/{programId},GET,,ProgrammeInterface.getLocationByProgramId,,,
